ts	phase	decision	why	evidence	result
2026-09-20T00:00:00Z	frame	Defined completion as reproducible cutoff-safe forecast, exact bridge, full holdout disclosure, and standalone decision memo	The result must be falsifiable and useful even if the driver model loses	README.md	Planning predicate defined
2026-09-20T00:00:01Z	design	Selected vintage-aware consumer transaction revenue forecast and exact bridge	Best match to role evidence while preserving a credible business decision	03-design/design-options.md	Selected conditionally
2026-09-20T00:00:02Z	evidence	Made original-vintage quarter coverage the first build gate	The 2025 filing reports a metric-definition change and prior-period recasts	02-research/data-feasibility.md	Open until implementation
2026-09-20T00:00:03Z	scope	Separated and deferred x402 business case	It serves a different decision and is not required for historical FP&A evidence	03-design/design-options.md	Deferred
2026-09-20T00:00:04Z	execution	Made an 8–12 hour feasibility packet the first milestone	Retires the largest risk before workbook and presentation effort	06-execution/first-build.md	Planned
2026-09-20T00:00:05Z	validation	Required pivot to a descriptive bridge if fewer than four clean holdouts survive	A small or inconsistent sample cannot support model-comparison claims	05-validation/adversarial-review.md	Fallback defined
2026-09-20T00:00:06Z	audit	Recorded that decision-row times are ordered planning markers, not wall-clock event times	Only the execution date was available in the task context	decisions.tsv	Timestamp limitation disclosed
2026-09-20T00:00:07Z	feasibility	Pivoted from forecast tournament to descriptive bridge	Nine comparable quarter pairs do not meet the predeclared twelve-quarter gate, and revenue definitions break at Q1 2024	02-research/feasibility-verdict.md	PIVOT implemented
2026-09-20T00:00:08Z	implementation	Built a source-backed Q3-to-Q4 2024 descriptive revenue bridge	This is the allowed fallback and preserves the no-forecast claim boundary	outputs/descriptive-bridge/manifest.json	Workbook package built and validated
2026-09-20T00:00:09Z	presentation	Added a native nine-quarter trend, definition appendix, two-page PDFs, and three-minute captioned demo	A practitioner must understand the decision, provenance, and objection without reading the repository	outputs/final-package/package-manifest.json	Final reviewer package assembled
2026-09-20T00:00:10Z	verification	Automated repeated-quarter reconciliation and reproduced the workbook in an isolated clean copy	Closed the two remaining inconclusive validation gates without weakening the claim boundary	outputs/final-package/validation-report.md	Descriptive package verified
2026-09-20T00:00:11Z	method	Added symmetric Shapley bridge attribution alongside both ordered methods	Makes the interaction allocation visible without implying causality	outputs/final-package/bridge-attribution.csv	Three reconciled bridge views published
2026-09-20T00:00:12Z	planning	Added editable downside reference and upside sensitivities around Q4 2024 actuals	Supports management questions without relabeling sensitivities as forecasts	outputs/final-package/planning-scenarios.csv	Planning layer added with explicit claim boundary
2026-09-20T00:00:13Z	definitions	Crosswalked Q2-Q4 2025 earlier and later consumer spot volume vintages	Later SEC disclosures revised the metric again and should not be silently spliced into the earlier panel	outputs/final-package/definition-reconciliation.csv	Later vintages documented and quarantined
2026-09-20T00:00:14Z	distribution	Built a public-ready case study compact executive package and 30-second social cut	Makes the work reviewable without forcing a reader through the full audit package	outputs/public-case-study/index.html	Local publication package complete; external deployment withheld
2026-09-20T00:00:15Z	review	Created a two-role external practitioner review protocol	Actual human endorsement cannot be simulated or claimed	outputs/public-case-study/practitioner-review.md	Workflow complete; external review remains open
